"#Factor","Fleet","New_Var_adj","hash","Old_Var_adj","New_Francis","New_MI","Francis_mult","Francis_lo","Francis_hi","MI_mult","Type","Name","Note"
4,1,0.110385,"#",0.110867,0.110385,0.202752,0.995648,0.57744,2.555526,1.828786,"len","Com",""
4,2,0.406108,"#",0.406211,0.406108,0.933411,0.999745,0.639939,1.9081,2.297848,"len","RecNorth",""
4,3,0.084946,"#",0.083914,0.084946,0.482503,1.012302,0.470747,3.454004,5.74997,"len","RecSouth",""
4,4,0.544909,"#",0.526488,0.544909,1.76498,1.034989,0.561274,4.769939,3.352365,"len","DebCPFV",""
4,6,0.316821,"#",0.315271,0.316821,0.360867,1.004916,0.585116,2.742771,1.144625,"len","PISCO",""
4,7,0.134998,"#",0.125555,0.134998,0.747762,1.07521,0.710564,3.202793,5.955653,"len","CCFRP",""
5,2,0.182371,"#",0.20045,0.182371,0.641554,0.909808,0.587929,3.588217,3.200569,"age","RecNorth",""
5,7,0.022803,"#",0.027633,0.022803,0.274958,0.825191,0.510875,3.744794,9.950349,"age","CCFRP",""
5,9,0.065069,"#",0.071128,0.065069,0.257335,0.91481,0.507011,3.69171,3.617914,"age","Dummy1",""
